
<beans:beans xmlns:mvc="http://www.springframework.org/schema/mvc"
	xmlns:wf="http://www.springframework.org/schema/webflow-config"
	xmlns:xsi="http://www.w3.org/2001/XMLSchema-instance" xmlns:beans="http://www.springframework.org/schema/beans"
	xmlns:context="http://www.springframework.org/schema/context"
	xsi:schemaLocation="
	    http://www.springframework.org/schema/mvc 
	    http://www.springframework.org/schema/mvc/spring-mvc.xsd
	    
		http://www.springframework.org/schema/beans 
		http://www.springframework.org/schema/beans/spring-beans.xsd
		
		http://www.springframework.org/schema/context 
		http://www.springframework.org/schema/context/spring-context.xsd
		
		http://www.springframework.org/schema/webflow-config
	    http://www.springframework.org/schema/webflow-config/spring-webflow-config.xsd
		">

	<!-- DispatcherServlet Context: defines this servlet's request-processing 
		infrastructure -->

	<!-- Enables the Spring MVC @Controller programming model -->

	<context:component-scan base-package="com.emp" />

	<!-- Resolves views selected for rendering by @Controllers to .jsp resources 
		in the /WEB-INF/views directory -->
	<beans:bean id="viewResolver"
		class="org.springframework.web.servlet.view.InternalResourceViewResolver">
		<beans:property name="prefix" value="/WEB-INF/jsp/" />
		<beans:property name="suffix" value=".jsp" />
	</beans:bean>

	<beans:bean id="dataSource"
		class="org.springframework.jdbc.datasource.DriverManagerDataSource">
		<beans:property name="driverClassName" value="org.h2.Driver" />
		<beans:property name="url" value="jdbc:h2:tcp://localhost/~/test" />
		<beans:property name="username" value="sa" />
		<beans:property name="password" value="" />
	</beans:bean>

	<beans:bean id="sessionFactory"
		class="org.springframework.orm.hibernate4.LocalSessionFactoryBean">
		<beans:property name="dataSource" ref="dataSource" />
		<beans:property name="configLocation" value="classpath:hibernate-cfg.xml" />
		<beans:property name="hibernateProperties">
			<beans:props>
				<beans:prop key="hibernate.enable_lazy_load_no_trans">true</beans:prop>
			</beans:props>
		</beans:property>

	</beans:bean>

	<beans:bean id="transactionManager"
		class="org.springframework.orm.hibernate4.HibernateTransactionManager">
		<beans:property name="sessionFactory" ref="sessionFactory" />

	</beans:bean>

</beans:beans>