<?xml version="1.0" encoding="UTF-8"?>
<!DOCTYPE hibernate-configuration PUBLIC
	"-//Hibernate/Hibernate Configuration DTD 3.0//EN"
	"http://www.hibernate.org/dtd/hibernate-configuration-3.0.dtd">

<hibernate-configuration>
	<session-factory>
		<property name="show_sql">true</property> <!-- Show SQL in console -->
		<property name="format_sql">true</property> <!-- Show SQL formatted -->
		<property name="hbm2ddl.auto">update</property>
		<property name="dialect">org.hibernate.dialect.H2Dialect</property>
		<mapping class="com.emp.entity.EmployeeEntity" />
	</session-factory>
</hibernate-configuration>