<beans xmlns="http://www.springframework.org/schema/beans"
	xmlns:xsi="http://www.w3.org/2001/XMLSchema-instance"
	xsi:schemaLocation="http://www.springframework.org/schema/beans
    http://www.springframework.org/schema/beans/spring-beans-3.0.xsd">

	<bean id="dataSource"
		class="org.springframework.jdbc.datasource.DriverManagerDataSource">

		<property name="driverClassName" value="org.h2.Driver"></property>
		<property name="url" value="jdbc:h2:tcp://localhost/~/test"></property>
		<property name="username" value="sa"></property>
		<property name="password" value=""></property>
	</bean>


	<bean id="employeeDAO" class="com.java2novice.dao.EmployeeDaoImpl">
		<property name="dataSource" ref="dataSource" />
	</bean>
</beans>